.megat4,7415649307611677702,‚Ä¢|||‚Ä¢ Megat ‚Ä¢|||‚Ä¢,https://www.tiktok.com/@.megat4/,0,571,0,0,1194,false,true,MS4wLjABAAAA8ibSvlQzhuxgvQLIwkfq6Qh5qdwzwGm6NXstRMSJwML0UrL--WuqckGR9i4eN1WF,-
4dmdahbesar,6938271661704020994,Uncle üÖ∞Ô∏èda„ÄΩÔ∏è,https://www.tiktok.com/@4dmdahbesar/,412,97,11300,30,20900,false,false,MS4wLjABAAAA91MfPY3ZYLl_Bsb4ZEuWQW5qS5mGRDFeiD3DboIRLhI0bdw1oHpgI0hUdaJ4b26H,"follow""@ahdemm"
_doraemoncomel,6817313525062812674,Dellüåº,https://www.tiktok.com/@_doraemoncomel/,142,2795,54,1,194800,false,true,MS4wLjABAAAAqRqQg-4HAg27t-FuwCN2jEu1Tk1_1oe2GYgm7HVYkJG9vlHO-KrQn2P51UUMqsPM,-
abam.shahrin.offi,7249978491323450370,@Abam Shahrin Offical,https://www.tiktok.com/@abam.shahrin.offi/,2,67,0,0,463,false,false,MS4wLjABAAAAasDtM7mrMG5i7n85iTImUeimZxtJMr6yF9ltc2XwlHPhT99lXBH8H7PYd9_5u5os,-
adam_fuad1,7410048421165974534,Adam_Fuad1,https://www.tiktok.com/@adam_fuad1/,5,354,0,0,2275,false,false,MS4wLjABAAAA6zZYFTkvLi7Oz5V8SFPi691s-H7LaxQJVQYDXLVnPSGGCLYKdf3YrrLjUn7EL6HF,-
ahmdfvzl._,6996723136306496514,usermegaüé∞,https://www.tiktok.com/@ahmdfvzl._/,278,191,3819,3,16000,false,false,MS4wLjABAAAAhneAUZE7jW8Gzmp98nlCocthB8hHRqwx5aqDyd0aapEuGXSUhySFNPakcwbbmOxM,PEJAL üçÅ
alikhairul06,6933706581843772417,MNA,https://www.tiktok.com/@alikhairul06/,69,34,11,0,115700,false,false,MS4wLjABAAAAWxUF5A1RDj8DvIHH_nxTbrbfGLCSJZTOHCp9aww7z5FjTdA5uWxBsM6l-kePUlv8,-
amirul__47,7314186535804584965,No__Na„ÄΩÔ∏èe,https://www.tiktok.com/@amirul__47/,15,33,0,0,505,false,true,MS4wLjABAAAAgzDNsLaeKd39pYSOzgJ5X4qWoqw_glW2PT9GSBpOIHyWOhC41y3JgkJymdHMX33_,-
aniq.alfi7,7290180973962036231,Aniq Alfi,https://www.tiktok.com/@aniq.alfi7/,4,31,0,0,4053,false,false,MS4wLjABAAAAwCkyQagar-oHTfAeR8dtpiDFx2TvVkFTN9UlVS2O8Z6HBnjWSEutwzaqudX8FjTo,-
aqeel.dean,7200768710083281921,üÖ∞Ô∏è,https://www.tiktok.com/@aqeel.dean/,57,485,1,0,12500,false,false,MS4wLjABAAAAW1B-p0c24LqZWU-_Qgc8uKn-8Y6HHJYI7rSt2316Dh-i5E5Ha9LIMmL4oChazmSv,Ha stalk lgi ehh
biskof11,6965093726957356034,kids,https://www.tiktok.com/@biskof11/,135,57,64,0,65200,false,true,MS4wLjABAAAAVAtwSSnykt1txa7nxqUZ4ZLoyur9wtWFFo16bXVi2sC23GJHaMpJkJZxIgdX8Jo4,-
bobsaim5,7391752482941502481,hati kosong,https://www.tiktok.com/@bobsaim5/,0,11,0,0,3,false,false,MS4wLjABAAAAZZBrx_sWb8RsUm67dipPXzVFDRwVUbfuxeRqfz-zFWGm64TH7nHJaMQfhrovhxIy,-
bukanyusrizal,6788503341149635586,Yusrizxl,https://www.tiktok.com/@bukanyusrizal/,191,460,18100,21,24600,false,false,MS4wLjABAAAANmOwComkWGB3M8esCbl_lSGHeL6IFjdcamLHGo_skEKAvy-7JeMx_F8eWjaVJuI4,-
echahan2247,7033708279839065089,echahan2247„ÄΩÔ∏è,https://www.tiktok.com/@echahan2247/,26,50,0,0,8498,false,false,MS4wLjABAAAAKubTwZQ3SRwNAkXKZBRvzx6-cYAjEY3TMGLQOrU1yHDDEflemdXgeniBN5UIgG1t,Singkat Saja @Trima Kasih@
freespinn_,6875488767206081537,Waprik,https://www.tiktok.com/@freespinn_/,1571,973,29500,219,36700,false,false,MS4wLjABAAAA4etZPBHUUaGbigmsFPfdWF92fQoSrznat-fQbDMnHeq46RDkBb7A5BOox29bqWwF,üóøMade in Lahad Datuüóø
fxlyshh,7422571437317686288,fxlyshh,https://www.tiktok.com/@fxlyshh/,0,5,0,0,10,false,false,MS4wLjABAAAAqXV3axvlwLXWD2yMyk009DFPuTDPk8poeeJSgPhouCmopQxACAWyZM88LyGlvKyj,-
hajiiy1,7062998996861535258,haji,https://www.tiktok.com/@hajiiy1/,52,32,66,0,11800,false,false,MS4wLjABAAAAx3zabpAzr5cx51n4sJcsKfplF9biE5AN2yLNqLZGLnOqLh9Dv_X1OJz5HEfNDEbN,-
hitam.manis869,7420076961617658901,hitam manis,https://www.tiktok.com/@hitam.manis869/,28,49,120,9,2234,false,false,MS4wLjABAAAAL5ofsQHJY3qMig1bL4gApTMi1tO0g_236f7XARwBslZpPKRw2FXytBzY8xxfYyjY,-
irfan.hazim1,7419283931701625863,Irfan Hazim,https://www.tiktok.com/@irfan.hazim1/,0,7,0,0,9,false,false,MS4wLjABAAAA1ETycYxfEsSvkz0DQplV0ZqNwlh_8tsIfhgwssnfL9dDYG6MyoOLfesDE2BbcTOp,-
izzrafiqyem,7176539734070772763,Ez,https://www.tiktok.com/@izzrafiqyem/,72,427,5,1,42000,false,true,MS4wLjABAAAAjqj6_GqvjGk0z75Bvz3QL7KDoj4FWnb3o9bfcgPs9NZFkEuw_tiaMptVFQlyzHNh,-
izztatauu,7198628977077601306,IzzTatauüÖ•,https://www.tiktok.com/@izztatauu/,160400,101,68800,14,10300,false,false,MS4wLjABAAAAXD3rqFJJmbQZhiVEcJcIKXFs1kRqcKUVJl-5cV3zeHAT1hhw2gYX6UIeCFARlPnW,IZZTATAU
jadddd4ell,6830161694842192898,jadddd,https://www.tiktok.com/@jadddd4ell/,409,46,63000,3,11500,false,false,MS4wLjABAAAAMrFxpBT6J5-upWVSkUPpnOD8AyEjOwox27xhMR1ErTsBFOLBluB5Eo84KJ1rRKVu,no bio yet
jagung.rebus76,7396743977532392455,Jagung Rebus,https://www.tiktok.com/@jagung.rebus76/,9,35,0,0,24,false,true,MS4wLjABAAAAVJcraNjxY6RtQgX3EQ3wFYVYov-ZyVojDK16U6ydwE9X_1UpCykcMY0G-D15szPQ,-
jerikozzz,7262554815439881234,Jinalüå†,https://www.tiktok.com/@jerikozzz/,1150,1675,3324,12,23000,false,false,MS4wLjABAAAANtiHiZTl7Jbx_ccKulN3zWAuC_5ft9PBjcvFMyeAtN8R4nX-TIO1Ed-qT7PiPMo8,useles
keyrolganu,7361949262147617808,keyrolganu,https://www.tiktok.com/@keyrolganu/,141,217,72,3,17,false,false,MS4wLjABAAAAC2HMATpxlToGpQ9MxRWJt0AEaghGoTsiuoOjuYjWZK6Wt6209LqtLygd0Ig9hyjE,-
khafaiprinting,7002522528246285314,khafaiprinting,https://www.tiktok.com/@khafaiprinting/,709,1972,928,100,25500,false,false,MS4wLjABAAAARPkTZSqQWgnVovhkVnmnOCCINJTGHPOkDUBOh_qVm3SnakdCxomNvjyOb4QVV5t9,"üá≤üáæjitra,kedah
heatpress, silkscreen, sublimation
FB - Khafai Printing & Design"
khairul___2,6562136486774767617,..khai..,https://www.tiktok.com/@khairul___2/,461,182,27400,5,97200,false,true,MS4wLjABAAAAQQVnDc-NToBctAb1LjLTMwPws3SDcRmwQoW4AggbYRJgbbZi__1tSQpPJ5aFmIGD,-
kopipeng52,7312399541156021249,apizzüí§,https://www.tiktok.com/@kopipeng52/,66,138,1003,22,1883,false,false,MS4wLjABAAAAtmHqA4qhh3sngI14Dcy0wXfPXfNfJFXO1SbFdHwr_mM3sBZDyk3jQvv-CSnHdL-z,@L I E Y Œõ ü•Ä ü§ç
kyunar,7197942334133683227,kyun,https://www.tiktok.com/@kyunar/,11,30,0,0,8197,false,false,MS4wLjABAAAApK8FK_63bYG1y-9ZxYsJZHSQ5DhlVQLQHnA1xS7pdU--D-Imqgpt0hg76iXjlQ15,assalamualaikum
malmigo,7405538124618941446,Malmigo,https://www.tiktok.com/@malmigo/,652,2243,284,8,21200,false,false,MS4wLjABAAAADrND4XY8LHuW8yuUFGtk7ANGllQ6k71onJvbX9ZRmLJrx69-VEvxlkaDIhyp3WoQ,-
manso90s,7042519046760301569,Manso,https://www.tiktok.com/@manso90s/,90,159,74,6,75,false,false,MS4wLjABAAAAV-aJ4ZjseGTbxrg82cY_1p2TqLxbsmCtjAnlNbTGF6lpPrtsJ8G0gaRoyLF3p-Ht,"Married
90's gentleman
Music content,Meow content and your head advisor!"
mechaa_yakk,6705266499126903809,yak_Mecha,https://www.tiktok.com/@mechaa_yakk/,1391,104,393,0,1757,false,false,MS4wLjABAAAAfgnaMsmRvMkLk1dw6JmFkGCf3GfR1zBqoIUaPd7OgY4Mu0bSjuVcVj1cV1J0QZ14,-
melexruuki,7259605497241699330,miteee,https://www.tiktok.com/@melexruuki/,0,13,0,0,341,false,true,MS4wLjABAAAA4G3m7PW4hWH1qWiAmR_PPxJ2NHjV1TxV_FIwuzy3RVbBiLxaA8LQIEU5vFUyCHdY,-
mimi02___,307228664515969024,mimi,https://www.tiktok.com/@mimi02___/,718,156,10800,12,107400,false,false,MS4wLjABAAAAFyCxIyMDb_ZX6DbUbUZzZhPgAw89Xj0fwXO5-2CA4phvO0q6Adbp2vK2QoPqjgfH,izz
mr.rodblock,7031749679466497025,Mr.Rodblock,https://www.tiktok.com/@mr.rodblock/,7,182,0,0,547,false,true,MS4wLjABAAAA5ds0bPr8a_PKtvCLjap17Y1GE70_qFYgU2dLWUITjr5VF3zFPrCHeF97xnGTc2tu,-
muhdhaikal3761,7129730047603278850,muhdhaikal3761,https://www.tiktok.com/@muhdhaikal3761/,4,25,0,0,681,false,false,MS4wLjABAAAAF9DZ1xt41bjDekY0Ri7gvy3uI8SO3oD19N7NVLo8RTHsl3U3aednYWuqZqeD1iGE,-
myint.naing.oo908,7347162661610931201,Myint Naing Oo,https://www.tiktok.com/@myint.naing.oo908/,13,27,6,3,44,false,false,MS4wLjABAAAA5y1-g2KE3OKq1C2KzU2wJn8cFH0j62ei0cjGE03McF6ROty36ixnYFxKKkLesxDy,-
neskipi,6550427538589728770,Sulli,https://www.tiktok.com/@neskipi/,367,66,20600,47,9666,false,false,MS4wLjABAAAA45DoVy9IBv49MU5-rfJE8mzfkkA_onRokrsrnaUy9q-ytxHc4ITBgzBgf5MCEIMj,"yes, I exist"
nesloice.05,7425661484547539985,erick,https://www.tiktok.com/@nesloice.05/,4,117,0,0,38,false,false,MS4wLjABAAAAsEhZiShLf6L3DUfDdqaSvvrT9ckMtavsetnjOGAtr-aHj4iTdkb3gGJHxVtzGmh3,-
ngamsoi0,6862712875019813890,llyamall,https://www.tiktok.com/@ngamsoi0/,14,10,2718,2,2402,false,false,MS4wLjABAAAAFGBcw8uFl_ZkVeDFsaXhA8h0egFrLcfmR4SrUkirZdXxhCLW77OIJBmxuGB2iGR3,f
norshafikahcolem,6915582273703396353,pikah123,https://www.tiktok.com/@norshafikahcolem/,26,100,0,0,35700,false,true,MS4wLjABAAAAjLozhI2vF1MjAazHxQc4m164IY-4TbYqezNAJNFYwh4yGDynSYbLpjvAPgOg0vE0,-
nuradnanuar,7055769168872096794,Adneen,https://www.tiktok.com/@nuradnanuar/,85,486,231,19,2454,false,false,MS4wLjABAAAAGn6OHQKZ2278xBPNJLyWLY809CAJVdZ68m-FMvPuaed_H_gf4f5Mh1BDxXkf6_Xp,-
putra_glamor,6884865050806748161,putra glamor,https://www.tiktok.com/@putra_glamor/,1902,118,13300,984,8846,false,true,MS4wLjABAAAAA0ZpggRHKR0Z4_Ca-sojCufrdXCAZxAazSTwrzbPaH1Htm99apyqAFSjoEG1y95n,-
rayleigh637,7070022470556369922,Rayleigh,https://www.tiktok.com/@rayleigh637/,1,33,0,0,1223,false,false,MS4wLjABAAAAy4mubjNiGc4CBSw5NPLOGElzOaVEaBduePZy_304XlZaqYP3VwjM1aECrfWGO3xV,-
rizuki_rizi,6962124491196843013,„É™„Ç∫„Ç≠,https://www.tiktok.com/@rizuki_rizi/,8,134,0,0,3677,false,false,MS4wLjABAAAArrF1sHYnMe1rMgI5y_wyp1dMVoezy8kJegbV0I38MS4VcL-JUpd2D80HROEdYLu5,broken for life
sabertiktok198,7180966706314806298,Saber Tiktok,https://www.tiktok.com/@sabertiktok198/,1,16,0,0,64,false,false,MS4wLjABAAAANYE0tGheYY62t0jStQYrtkzhs0VIEJ_NEI7biJV6D02S0F3BmJ7CPXct5xm8vM3L,-
shhrulfhme,7275152826472039442,ShhrulFhme,https://www.tiktok.com/@shhrulfhme/,65,17,176,38,105,false,false,MS4wLjABAAAAgIiFyxVNXunkGV-Qj8h2TMLg5T2ASo7r7trzPQ9UIvvchYhcsDCGSny3PzAPeP4k,Sitti Ismalizah üíç‚ù§Ô∏è
tillalala080,6960287456400229378,yuyuyu,https://www.tiktok.com/@tillalala080/,357,133,580,0,14800,false,false,MS4wLjABAAAAklfYnFIBwWzirei7jldIt1aw4rqTl2WOTGFaZz7qo38gMGymy-lDsBzEZHlWPfql,star don't shine without darkness
unknownaccount03_,7272631582422287362,Ïõ®Ïù¥ Ïòà,https://www.tiktok.com/@unknownaccount03_/,69,147,1,0,3344,false,false,MS4wLjABAAAACWz5cqWpAqVB0gPGUTATGLOhwDtyUaVCrJneFnqdszxYMY3d6JhaYLiTmPhmKaaq,"43 
brb.."
wak.joko975,7137712173342950427,WAK_JOKO‚ö°,https://www.tiktok.com/@wak.joko975/,6,20,0,0,1076,false,true,MS4wLjABAAAAjDP4QkDr3z8k46JXJHfGtaoEqfxRAh4yboNMk_BVhPBoKtiV_iDPFzsUW0b79foE,-
